Campaign,Keyword,Match Type
CPL | HSG | P Max Shopping | Villains 120 130 15/9,happysnapgifts,Exact
CPL | HSG | P Max Shopping | Villains 120 130 15/9,photo masks uk,Exact
CPL | HSG | P Max Shopping | Villains 120 130 15/9,photo face masks next day delivery,Exact
CPL | HSG | P Max Shopping | Villains 120 130 15/9,personalised mask,Exact
CPL | HSG | P Max Shopping | Villains 120 130 15/9,hen do face masks,Exact
CPL | HSG | P Max Shopping | Villains 120 130 15/9,personalised photo face masks,Exact
CPL | HSG | P Max Shopping | Zombies,happysnapgifts,Exact
CPL | HSG | P Max Shopping | Zombies,photo masks uk,Exact
CPL | HSG | P Max Shopping | Zombies,photo face masks next day delivery,Exact
CPL | HSG | P Max Shopping | Zombies,personalised mask,Exact
CPL | HSG | P Max Shopping | Zombies,hen do face masks,Exact
CPL | HSG | P Max Shopping | Zombies,personalised photo face masks,Exact
CPL | HSG | P Max | All | H&S 120 130 8/9 120 9/9 130 15/9 120 4/10,happysnapgifts,Exact
CPL | HSG | P Max | All | H&S 120 130 8/9 120 9/9 130 15/9 120 4/10,photo masks uk,Exact
CPL | HSG | P Max | All | H&S 120 130 8/9 120 9/9 130 15/9 120 4/10,photo face masks next day delivery,Exact
CPL | HSG | P Max | All | H&S 120 130 8/9 120 9/9 130 15/9 120 4/10,personalised mask,Exact
CPL | HSG | P Max | All | H&S 120 130 8/9 120 9/9 130 15/9 120 4/10,hen do face masks,Exact
CPL | HSG | P Max | All | H&S 120 130 8/9 120 9/9 130 15/9 120 4/10,personalised photo face masks,Exact
